beat,screen_text,value,units,source_url,doc_title,doc_date,page,quote_or_section,calculation,checked_by,checked_on,note
a01,"In September, Angel One's commodity turnover averaged about ₹2,600 billion a day",2600,%,https://nsearchives.nseindia.com/corporate/ANGEL8896_06102026073616_October062026_Intimation_of_Business_updates.pdf,Angel One business update Sep 2026 and Q2 FY27,2026-10-06,p.1 monthly table,"Commodity ADTO (₹ Bn) Sep 26: 2,600",,,,added 2026-10-07; units ₹ bn/day
a01 a32 a34 a53 a61 a71,"₹2,600 billion a day. Its market share: 41.7%.",41.7,%,https://nsearchives.nseindia.com/corporate/ANGEL8896_06102026073616_October062026_Intimation_of_Business_updates.pdf,Angel One business update Sep 2026 and Q2 FY27,2026-10-06,p.1 monthly table,Commodity Turnover Market Share (%) 41.7%,,,,added 2026-10-07
a02 a61,"Five years ago, Angel One had about 28% of this market. Keep that number in",28,%,https://nsearchives.nseindia.com/corporate/ANGELBRKG_05102021082516_October052021Intimationofmonthlybusinessupdate.pdf,Angel Broking monthly business update Sep 2021,2021-10-05,p.1 market share table,Commodity 27.8%,27.8 rounded to 28 in narration,,,added 2026-10-07
a11,"ne's own filing. Commodity turnover, up 105.5%. Commodity market share, 44.0%, d",105.5,%,https://nsearchives.nseindia.com/corporate/ANGEL8896_06102026073616_October062026_Intimation_of_Business_updates.pdf,Angel One business update Sep 2026 and Q2 FY27,2026-10-06,p.2 quarterly table,"Commodity ADTO 2,438 / 1,187: Y-o-Y 105.5%",,,,added 2026-10-07
a11 a42,"ver, up 105.5%. Commodity market share, 44.0%, down from 65.1% a year ago.",44,%,https://nsearchives.nseindia.com/corporate/ANGEL8896_06102026073616_October062026_Intimation_of_Business_updates.pdf,Angel One business update Sep 2026 and Q2 FY27,2026-10-06,p.2 quarterly table,Commodity Turnover Market Share 44.0% (Q2 FY27),,,,added 2026-10-07
a11 a42,"ommodity market share, 44.0%, down from 65.1% a year ago.",65.1,%,https://nsearchives.nseindia.com/corporate/ANGEL8896_06102026073616_October062026_Intimation_of_Business_updates.pdf,Angel One business update Sep 2026 and Q2 FY27,2026-10-06,p.2 quarterly table,Commodity Turnover Market Share 65.1% (Q2 FY26),,,,added 2026-10-07
a11 a71 a72,ANGEL ONE · Q2 FY27 BUSINESS UPDATE · 6 OCT 2026 | TURNOVER +105.5% | SHARE 65,6 oct 2026,date,https://nsearchives.nseindia.com/corporate/ANGEL8896_06102026073616_October062026_Intimation_of_Business_updates.pdf,Angel One business update Sep 2026 and Q2 FY27,2026-10-06,header,filing date 6 Oct 2026,,,,added 2026-10-07
a21,How can turnover double while share falls? Only if the market grew faster. Divid,5541,₹ bn/day,https://nsearchives.nseindia.com/corporate/ANGEL8896_06102026073616_October062026_Intimation_of_Business_updates.pdf,Angel One business update Sep 2026 and Q2 FY27,2026-10-06,p.2,"Commodity ADTO 2,438; share 44.0%","2438 / 0.440 = 5,541 (implied MCX retail ADTO; assumes same base)",,,added 2026-10-07
a21,How can turnover double while share falls? Only if the market grew faster. Divid,1823,₹ bn/day,https://nsearchives.nseindia.com/corporate/ANGEL8896_06102026073616_October062026_Intimation_of_Business_updates.pdf,Angel One business update Sep 2026 and Q2 FY27,2026-10-06,p.2,"Commodity ADTO 1,187; share 65.1% (Q2 FY26)","1187 / 0.651 = 1,823",,,added 2026-10-07
a22,market (implied) | ~3.0× | Angel One | 2.05×,2.05,×,https://nsearchives.nseindia.com/corporate/ANGEL8896_06102026073616_October062026_Intimation_of_Business_updates.pdf,Angel One business update Sep 2026 and Q2 FY27,2026-10-06,p.2,"Commodity ADTO 2,438 vs 1,187",2438 / 1187 = 2.05; market 5541/1823 = 3.04,,,added 2026-10-07
a31 a32 a61,'s filing at the time. Commodity share: 27.8%.,27.8,%,https://nsearchives.nseindia.com/corporate/ANGELBRKG_05102021082516_October052021Intimationofmonthlybusinessupdate.pdf,Angel Broking monthly business update Sep 2021,2021-10-05,p.1,Commodity 27.8% (Sep 2021),,,,added 2026-10-07
a31,ANGEL BROKING · BUSINESS UPDATE · 5 OCT 2021 | SEP 2021: 27.8%,5 oct 2021,date,https://nsearchives.nseindia.com/corporate/ANGELBRKG_05102021082516_October052021Intimationofmonthlybusinessupdate.pdf,Angel Broking monthly business update Sep 2021,2021-10-05,header,filing date 5 Oct 2021,,,,added 2026-10-07
a32,Then the climb. 53.3% in 2022. 56.3% in 2023. 61.8% in 2,53.3,%,https://nsearchives.nseindia.com/corporate/ANGELONE_04112022072839_November042022Intimationofmonthlyupdates.pdf,Angel One monthly update Oct 2022 (Sep 2022 = previous-month column),2022-11-04,p.1,"Commodity 53.4% 53.3% 34.4% (Oct22, Sep22, Oct21)",Sep 2022 = previous-month column,,,added 2026-10-07; no Oct 2022 filing found on NSE for Sep 2022
a32,Then the climb. 53.3% in 2022. 56.3% in 2023. 61.8% in 2024. 64.3% in 2,56.3,%,https://nsearchives.nseindia.com/corporate/ANGELONE_06102023081017_October2023IntimationofmonthlyupdatesSeptember2023.pdf,Angel One monthly update Sep 2023,2023-10-06,p.1,Commodity 56.3% (Sep 2023),,,,added 2026-10-07
a32,"he climb. 53.3% in 2022. 56.3% in 2023. 61.8% in 2024. 64.3% in 2025. And now, 4",61.8,%,https://nsearchives.nseindia.com/corporate/ANGELONE_04102024075226_October042024Intimationofbusinessupdates_September2024.pdf,Angel One business update Sep 2024,2024-10-04,p.1,Commodity Turnover Market Share 61.8% (Sep 2024),,,,added 2026-10-07
a32,"in 2022. 56.3% in 2023. 61.8% in 2024. 64.3% in 2025. And now, 41.7%.",64.3,%,https://nsearchives.nseindia.com/corporate/ANGEL8896_06102025074841_October062025_Intimation_of_Business_Update_Sept2025.pdf,Angel One business update Sep 2025,2025-10-06,p.1,Commodity Turnover Market Share 64.3% (Sep 2025),,,,added 2026-10-07
a33 a61,The peak came in August 2025: 67.6%.,67.6,%,https://nsearchives.nseindia.com/corporate/ANGEL8896_04092025071949_September042025_Intimation_of_Business_Update_August_2025.pdf,Angel One business update Aug 2025,2025-09-04,p.1,Commodity Turnover Market Share 67.6% (Aug 2025),,,,added 2026-10-07; highest month in the series
a33,ANGEL ONE · BUSINESS UPDATE · 4 SEP 2025 | AUG 2025: 67.6% · THE PEAK,4 sep 2025,date,https://nsearchives.nseindia.com/corporate/ANGEL8896_04092025071949_September042025_Intimation_of_Business_Update_August_2025.pdf,Angel One business update Aug 2025,2025-09-04,header,filing date 4 Sep 2025,,,,added 2026-10-07
a34,the same month a year earlier in 10 of 12 months. And 41.7% is lower than every,12,months,https://nsearchives.nseindia.com/corporate/ANGEL8896_04092026073149_September042026__Intimation_of_Business_Update.pdf (and the other monthly updates in the series),Angel One monthly series built from NSE filings,2026-10-07,series,Oct 2025–Sep 2026 vs same month a year earlier,10 of 12 months lower (Feb and Apr 2026 higher); 41.7 < min(Feb 2022–Aug 2026)=42.4; Jan 2022 = 41.6,,,added 2026-10-07; ~/jev_full/research/angelone/commodity_share_series.json (69 Angel One monthly updates on NSE)
a41,"utures and options (F&O) broking, about 45%. Interest income, about a third (32.",45,% of gross revenue,https://nsearchives.nseindia.com/corporate/ANGEL8896_15072026180330_15072026InvestorPresentationAOL.pdf,Angel One investor presentation Q1 FY27,2026-07-15,p.30 chart,Broking - F&O 45% (Q1 '27),read from chart,,,added 2026-10-07
a41,"ut 45%. Interest income, about a third (32.6%). Commodity broking, about 6%.",32.6,% of gross revenue,https://nsearchives.nseindia.com/corporate/ANGEL8896_15072026180330_15072026InvestorPresentationAOL.pdf,Angel One investor presentation Q1 FY27,2026-07-15,p.30 chart,Contribution of interest income 32.6% (Q1 '27),,,,added 2026-10-07
a42,"And in F&O, the share held. 21.7% a year ago. 22.1% now. Cash tradin",21.7,%,https://nsearchives.nseindia.com/corporate/ANGEL8896_06102026073616_October062026_Intimation_of_Business_updates.pdf,Angel One business update Sep 2026 and Q2 FY27,2026-10-06,p.2,F&O^ 21.7% (Q2 FY26),,,,added 2026-10-07
a42 a65,"F&O, the share held. 21.7% a year ago. 22.1% now. Cash trading slipped, from 18",22.1,%,https://nsearchives.nseindia.com/corporate/ANGEL8896_06102026073616_October062026_Intimation_of_Business_updates.pdf,Angel One business update Sep 2026 and Q2 FY27,2026-10-06,p.2,F&O^ 22.1% (Q2 FY27),,,,added 2026-10-07
a42,". 22.1% now. Cash trading slipped, from 18.7% to 16.8%.",18.7,%,https://nsearchives.nseindia.com/corporate/ANGEL8896_06102026073616_October062026_Intimation_of_Business_updates.pdf,Angel One business update Sep 2026 and Q2 FY27,2026-10-06,p.2,Cash Turnover Market Share 18.7% (Q2 FY26),,,,added 2026-10-07
a42,"ow. Cash trading slipped, from 18.7% to 16.8%.",16.8,%,https://nsearchives.nseindia.com/corporate/ANGEL8896_06102026073616_October062026_Intimation_of_Business_updates.pdf,Angel One business update Sep 2026 and Q2 FY27,2026-10-06,p.2,Cash Turnover Market Share 16.8% (Q2 FY27),,,,added 2026-10-07
a51,"THE CASE THAT IT DOESN'T MATTER · ANGEL ONE FILINGS |  | THEN | NOW | Commodity,",1187,₹ bn/day,https://nsearchives.nseindia.com/corporate/ANGEL8896_06102026073616_October062026_Intimation_of_Business_updates.pdf,Angel One business update Sep 2026 and Q2 FY27,2026-10-06,p.2,"Commodity ADTO Q2 FY26 1,187",,,,added 2026-10-07
a51,"THE CASE THAT IT DOESN'T MATTER · ANGEL ONE FILINGS |  | THEN | NOW | Commodity,",2438,₹ bn/day,https://nsearchives.nseindia.com/corporate/ANGEL8896_06102026073616_October062026_Intimation_of_Business_updates.pdf,Angel One business update Sep 2026 and Q2 FY27,2026-10-06,p.2,"Commodity ADTO Q2 FY27 2,438",,,,added 2026-10-07
a53,But the fall isn't slowing. 48.0% in July. 43.7% in August. 41.7% in,48,%,https://nsearchives.nseindia.com/corporate/ANGEL8896_05082026080431_IntimationBU.pdf,Angel One business update Jul 2026,2026-08-05,p.1,Commodity Turnover Market Share 48.0% (Jul 2026),,,,added 2026-10-07
a53,the fall isn't slowing. 48.0% in July. 43.7% in August. 41.7% in September. And,43.7,%,https://nsearchives.nseindia.com/corporate/ANGEL8896_04092026073149_September042026__Intimation_of_Business_Update.pdf,Angel One business update Aug 2026,2026-09-04,p.1,Commodity Turnover Market Share 43.7% (Aug 2026),,,,added 2026-10-07
a53,in September. And new clients are down 14.1% from a year ago.,14.1,%,https://nsearchives.nseindia.com/corporate/ANGEL8896_06102026073616_October062026_Intimation_of_Business_updates.pdf,Angel One business update Sep 2026 and Q2 FY27,2026-10-06,p.2,Gross Client Acquisition 1.49 vs 1.74: -14.1%,,,,added 2026-10-07
a61,SEP 2026 | 41.7% | CLIMB GIVEN BACK | ~65% | (67.6−41.7)÷(67.6−27.8),65,%,https://nsearchives.nseindia.com/corporate/ANGEL8896_06102026073616_October062026_Intimation_of_Business_updates.pdf,Angel One business update Sep 2026 and Q2 FY27,2026-10-06,series,"27.8 (Sep21), 67.6 (Aug25), 41.7 (Sep26)",(67.6-41.7)/(67.6-27.8) = 25.9/39.8 = 65% ≈ two-thirds,,,added 2026-10-07; our arithmetic
a64,"On our Moat Screener, Angel One scores 5.64. Motilal Oswal, 5.56. Nuvama, 5.52.",5.64,score,https://www.moatmarginresearch.com/moat-screener/,Moat & Margin Moat Screener (live),2026-10-07,screener row,Angel One Ltd. BROKING ... 5.64 AMBER FIRST-PASS,,,,added 2026-10-07
a64,", Angel One scores 5.64. Motilal Oswal, 5.56. Nuvama, 5.52. IIFL Capital, 5.13.",5.56,score,https://www.moatmarginresearch.com/moat-screener/,Moat & Margin Moat Screener (live),2026-10-07,screener row,Motilal Oswal Financial Services Ltd. ... 5.56,,,,added 2026-10-07
a64,"ores 5.64. Motilal Oswal, 5.56. Nuvama, 5.52. IIFL Capital, 5.13. And Groww's pa",5.52,score,https://www.moatmarginresearch.com/moat-screener/,Moat & Margin Moat Screener (live),2026-10-07,screener row,Nuvama Wealth Management Ltd. ... 5.52,,,,added 2026-10-07
a64,"swal, 5.56. Nuvama, 5.52. IIFL Capital, 5.13. And Groww's parent, Billionbrains,",5.13,score,https://www.moatmarginresearch.com/moat-screener/,Moat & Margin Moat Screener (live),2026-10-07,screener row,IIFL Capital Services ... 5.13,,,,added 2026-10-07
a64,".13. And Groww's parent, Billionbrains, 4.79.",4.79,score,https://www.moatmarginresearch.com/moat-screener/,Moat & Margin Moat Screener (live),2026-10-07,screener row,Billionbrains Garage Ventures Ltd. FINTECH ... 4.79,,,,added 2026-10-07
a64 a80,ns (Groww) |  | MOATSCORES AS PUBLISHED 7 OCT 2026,7 oct 2026,date,https://www.moatmarginresearch.com/moat-screener/,Moat & Margin Moat Screener (live),2026-10-07,screener table,read live 7 Oct 2026,,,,added 2026-10-07
a67,"What to watch: the board meeting on 15 October, and the October business upd",15,date,https://nsearchives.nseindia.com/corporate/ANGEL8896_06102026161317_October062026_Prior_intimation_of_dividend.pdf,Angel One intimation of board meeting (interim dividend),2026-10-06,p.1,"Board Meeting ... Thursday, October 15, 2026",,,,added 2026-10-07
a67,"What to watch: | Board meeting, 15 Oct 2026 | October update, early Nove",15 oct 2026,date,https://nsearchives.nseindia.com/corporate/ANGEL8896_06102026161317_October062026_Prior_intimation_of_dividend.pdf,Angel One intimation of board meeting (interim dividend),2026-10-06,p.1,"Thursday, October 15, 2026",,,,added 2026-10-07
a71,"Titan's consumer businesses grew about 25%. 5: Max Estates pre-sold about ₹2,10",25,%,https://nsearchives.nseindia.com/corporate/TITAN_06102026182232_Q2update202627.pdf,Titan quarterly update Q2 FY27,2026-10-06,p.2,Consumer Businesses registered a growth of c.25% YoY,,,,added 2026-10-07
a71,1: the Angel One story you just saw. 2: the corporate affairs ministry opened an,2100,₹ crore,https://nsearchives.nseindia.com/corporate/MEL_06102026124000_20261006PressReleasePreSalesH1.pdf,Max Estates press release H1 FY27 pre-sales,2026-10-06,p.2,"Pre-sales of ~INR 2,100 crore in Q2FY2027",,,,added 2026-10-07
a71,"crore of homes in the quarter, against ₹156 crore a year ago.",156,₹ crore,https://nsearchives.nseindia.com/corporate/MEL_06102026124000_20261006PressReleasePreSalesH1.pdf,Max Estates press release H1 FY27 pre-sales,2026-10-06,p.2,vs INR 156 crore in Q2FY2026,,,,added 2026-10-07
a71,RE 41.7% | ZEE: MCA INVESTIGATION (SEC. 210) | RCOM: DOT TERMINATES SPECTRUM | T,210,section,https://nsearchives.nseindia.com/corporate/ZEEL_06102026144845_SEDisclosureInvestigationsigned.pdf,ZEEL Reg 30 disclosure: MCA notice,2026-10-06,Annexure A,Investigation under Section 210(1)(a) & (c),,,,added 2026-10-07
a72,"6: IEX traded 12.7% more power, and day-ahead prices r",12.7,%,https://nsearchives.nseindia.com/corporate/IEX_06102026073150_IEX_Media_Release_Power_Market_Update_September26_signed.pdf,IEX media release Q2 FY27,2026-10-06,p.2,"39,685 MU, marking a 12.7% year on year increase",,,,added 2026-10-07
a72,"% more power, and day-ahead prices rose 46%. 7: KNR Constructions sold a road pr",46,%,https://nsearchives.nseindia.com/corporate/IEX_06102026073150_IEX_Media_Release_Power_Market_Update_September26_signed.pdf,IEX media release Q2 FY27,2026-10-06,p.2,Day-Ahead Market at Rs 5.7/unit ... increased 46%,,,,added 2026-10-07
a72,"Constructions sold a road project for ₹549.14 crore, after investing ₹225.72 cr",549.14,₹ crore,https://nsearchives.nseindia.com/corporate/KNRCON_06102026122824_Intimation.pdf,KNR Constructions Reg 30: SPV transfer,2026-10-06,p.1,received a consideration of Rs. 549.14 Crore,,,,added 2026-10-07
a72,"ect for ₹549.14 crore, after investing ₹225.72 crore. 8: Adani Power and Druk Gr",225.72,₹ crore,https://nsearchives.nseindia.com/corporate/KNRCON_06102026122824_Intimation.pdf,KNR Constructions Reg 30: SPV transfer,2026-10-06,p.1,had invested Rs. 225.72 crore,,,,added 2026-10-07
a72,Power and Druk Green Power signed for a 770 MW hydro project in Bhutan. 9: the S,770,MW,https://nsearchives.nseindia.com/corporate/ADANIPOWER_06102026065235_APLSigningofSHAtosetup770MWChamkharchhuHEPinBhutan05102026.pdf,Adani Power Reg 30: Chamkharchhu SHA,2026-10-06,p.1,770 MW Chamkharchhu Hydropower Project,,,,added 2026-10-07
a72,n at Mithapur. 10: Jupiter Capital sold 10.86% of AXISCADES.,10.86,%,https://nsearchives.nseindia.com/corporate/Disclosure4_10062026113439_53783.zip,Jupiter Capital SAST 29(2) for AXISCADES,2026-09-29,table,"Shares carrying voting rights acquired/sold 46,20,230 10.86%",,,,added 2026-10-07
a72,"ME +12.7%, DAY-AHEAD PRICE +46% | KNR: ₹549 CR SALE, ₹226 CR INVESTED | ADANI PO",549,₹ crore,https://nsearchives.nseindia.com/corporate/KNRCON_06102026122824_Intimation.pdf,KNR Constructions Reg 30: SPV transfer,2026-10-06,p.1,Rs. 549.14 Crore,rounded,,,added 2026-10-07
a72,"-AHEAD PRICE +46% | KNR: ₹549 CR SALE, ₹226 CR INVESTED | ADANI POWER + DRUK: 77",226,₹ crore,https://nsearchives.nseindia.com/corporate/KNRCON_06102026122824_Intimation.pdf,KNR Constructions Reg 30: SPV transfer,2026-10-06,p.1,Rs. 225.72 crore,rounded,,,added 2026-10-07
